Workbook

Sheet 日報
A1: 成田・朝の運用 日報
A2: 対象：成田空港事業部ハンドリング便（26W想定）／更新日：2026-08-07／数値はすべて計算式で自動集計
A4: ■ 運用サマリー（KPI）
A5: 総取扱便数 | D5: =COUNTA(便一覧!$C$4:$C$17) | E5: 便
A6: 朝便数（06:00〜10:59） | D6: =COUNTIF(便一覧!$H$4:$H$17,"朝") | E6: 便
A7: 朝便の比率 | D7: =COUNTIF(便一覧!$H$4:$H$17,"朝")/COUNTA(便一覧!$C$4:$C$17)
A8: パート配置候補（◯） | D8: =COUNTIF(便一覧!$J$4:$J$17,"◯") | E8: 便
A9: ピーク同時稼働便数 | D9: =MAX(時間帯別!$B$5:$B$33) | E9: 便
A10: ピーク時刻 | D10: =INDEX(時間帯別!$A$5:$A$33,MATCH(MAX(時間帯別!$B$5:$B$33),時間帯別!$B$5:$B$33,0)) | E10: 時刻
A11: 延べ稼働（30分×便） | D11: =SUM(時間帯別!$B$5:$B$33) | E11: コマ
A12: 朝(〜10:00)延べ稼働の比率 | D12: =SUMPRODUCT((時間帯別!$C$5:$C$33<600)*時間帯別!$B$5:$B$33)/SUM(時間帯別!$B$5:$B$33)
A14: ■ アクション（Action / TODO / Responsible / STATUS / DUE DATE）
A15: Action | B15: TODO | C15: Responsible | D15: STATUS | E15: DUE DATE
A16: Winter Schedule(26W)を基準に時間帯別の必要出面を確定する | B16: 各支店で『何時に・どのポジションで・何人不足』を算出し集約 | C16: 各支店・所属長 | D16: 進行中 | E16: 8月末
A17: 先行10名（成田・新千歳）を必要出面から逆算して再設定する | B17: 不足出面を集約し、採用時間帯・人数を確定（10名は暫定値） | C17: 人事 | D17: 進行中 | E17: 9月中旬
A18: 短時間勤務者の勤務時間・シフトへの落とし込みルールを決める | B18: 朝ピーク（06:30〜09:30）を軸に既存シフトへ組み込む運用ルールを策定 | C18: 現場＋人事 | D18: 着手前 | E18: 26W稼働−4週
A19: 配置候補便（◯）への有資格者の割当てを整理する | B19: CKIN・GATE・ARR等、必要資格の付与手順と有資格者の棚卸し | C19: 現場＋人事 | D19: 着手前 | E19: 26W稼働−6週
A20: 『必要出面を何時間補完できたか』で効果を検証する仕組みを作る | B20: 採用数ではなくライン投入・出面補完率でKPIを定義しモニタリング | C20: 採用担当 | D20: 着手前 | E20: 採用開始後
A21: 凡例）STATUS：着手前（赤）／進行中（黄）／完了（緑）。DUE DATE の「26W稼働−n週」はWinter Schedule 稼働日からの逆算。KPI・稼働便数はすべて計算式（便一覧を直せば自動再計算）。

Sheet 便一覧
A1: 成田・地上ハンドリング便 一覧（実線表ベース・計算式のソースデータ）
A3: No. | B3: Carrier | C3: 便名 | D3: 行先 | E3: 到着 STA | F3: 出発 STD | G3: CTR OPEN | H3: 時間帯 | I3: 運航日 | J3: パート配置 | K3: 開始(分) | L3: 終了(分)
A4: 1 | B4: AM | C4: AM058/057 | D4: MEX | E4: 06:30 | F4: 09:35 | G4: 06:30 | H4: 朝 | I4: 毎日 | J4: ◯ | K4: =MIN(TIMEVALUE(G4),TIMEVALUE(E4))*1440 | L4: =TIMEVALUE(F4)*1440
A5: 2 | B5: VN | C5: VN318/319 | D5: DAD | E5: 07:35 | F5: 09:00 | G5: 06:00 | H5: 朝 | I5: 毎日 | J5: ◯ | K5: =MIN(TIMEVALUE(G5),TIMEVALUE(E5))*1440 | L5: =TIMEVALUE(F5)*1440
A6: 3 | B6: VN | C6: VN310/311 | D6: HAN | E6: 07:35 | F6: 09:30 | G6: 06:30 | H6: 朝 | I6: 毎日 | J6: ◯ | K6: =MIN(TIMEVALUE(G6),TIMEVALUE(E6))*1440 | L6: =TIMEVALUE(F6)*1440
A7: 4 | B7: VN | C7: VN306/307 | D7: SGN | E7: 08:00 | F7: 09:30 | G7: 06:30 | H7: 朝 | I7: 毎日 | J7: ◯ | K7: =MIN(TIMEVALUE(G7),TIMEVALUE(E7))*1440 | L7: =TIMEVALUE(F7)*1440
A8: 5 | B8: VN | C8: VN316/317 | D8: DAD | E8: 08:30 | F8: 10:30 | G8: 07:30 | H8: 朝 | I8: 月木金土日 | J8: ◯ | K8: =MIN(TIMEVALUE(G8),TIMEVALUE(E8))*1440 | L8: =TIMEVALUE(F8)*1440
A9: 6 | B9: VJ | C9: VJ822/823 | D9: SGN | E9: 07:40 | F9: 08:55 | G9: 05:55 | H9: 朝 | I9: 毎日 | J9: ◯ | K9: =MIN(TIMEVALUE(G9),TIMEVALUE(E9))*1440 | L9: =TIMEVALUE(F9)*1440
A10: 7 | B10: VJ | C10: VJ932/933 | D10: HAN | E10: 08:00 | F10: 09:30 | G10: 06:30 | H10: 朝 | I10: 毎日 | J10: ◯ | K10: =MIN(TIMEVALUE(G10),TIMEVALUE(E10))*1440 | L10: =TIMEVALUE(F10)*1440
A11: 8 | B11: 5J | C11: 5J5062/063 | D11: CEB | E11: 08:10 | F11: 08:55 | G11: 05:55 | H11: 朝 | I11: 毎日 | J11: ◯ | K11: =MIN(TIMEVALUE(G11),TIMEVALUE(E11))*1440 | L11: =TIMEVALUE(F11)*1440
A12: 9 | B12: 5J | C12: 5J5068/069 | D12: CRK | E12: 10:25 | F12: 11:15 | G12: 08:15 | H12: 朝 | I12: 毎日 | J12: ◯ | K12: =MIN(TIMEVALUE(G12),TIMEVALUE(E12))*1440 | L12: =TIMEVALUE(F12)*1440
A13: 10 | B13: RF | C13: RF392/391 | D13: CJJ | E13: 09:40 | F13: 10:40 | G13: 08:10 | H13: 朝 | I13: 毎日 | J13: ◯ | K13: =MIN(TIMEVALUE(G13),TIMEVALUE(E13))*1440 | L13: =TIMEVALUE(F13)*1440
A14: 11 | B14: UL | C14: UL454/455 | D14: CMB | E14: 08:10 | F14: 11:15 | G14: 08:15 | H14: 朝 | I14: 火木土 | J14: ◯ | K14: =MIN(TIMEVALUE(G14),TIMEVALUE(E14))*1440 | L14: =TIMEVALUE(F14)*1440
A15: 12 | B15: 5J | C15: 5J5054/055 | D15: MNL | E15: 12:25 | F15: 13:45 | G15: 10:45 | H15: 昼 | I15: 毎日 | J15: △(昼) | K15: =MIN(TIMEVALUE(G15),TIMEVALUE(E15))*1440 | L15: =TIMEVALUE(F15)*1440
... A17: 14 | B17: 5J | C17: 5J5056/057 | D17: MNL | E17: 18:00 | F17: 19:15 | G17: 16:15 | H17: 夕 | I17: 毎日 | J17: △(夕) | K17: =MIN(TIMEVALUE(G17),TIMEVALUE(E17))*1440 | L17: =TIMEVALUE(F17)*1440
A19: 配置：◯=朝ピークの配置候補（VN/AM/RF/5J/UL/VJ）／△=夕・昼便。K・L列（開始/終了・分）は稼働便数の計算式が参照するヘルパー列（非表示）。数値はすべて線表の実データ。

Sheet 時間帯別
A1: 成田・時間帯別 稼働便数（30分刻み・計算式で自動集計）
A2: 稼働便数 = 便一覧の[開始(分)〜終了(分)]がその時刻を含む便数。時刻を直せば自動再計算される。
A4: 時刻 | B4: 稼働便数 | C4: （分）
A5: 05:30 | B5: =SUMPRODUCT((便一覧!$K$4:$K$17<=C5)*(便一覧!$L$4:$L$17>C5)) | C5: 330
A6: 06:00 | B6: =SUMPRODUCT((便一覧!$K$4:$K$17<=C6)*(便一覧!$L$4:$L$17>C6)) | C6: 360
A7: 06:30 | B7: =SUMPRODUCT((便一覧!$K$4:$K$17<=C7)*(便一覧!$L$4:$L$17>C7)) | C7: 390
A8: 07:00 | B8: =SUMPRODUCT((便一覧!$K$4:$K$17<=C8)*(便一覧!$L$4:$L$17>C8)) | C8: 420
A9: 07:30 | B9: =SUMPRODUCT((便一覧!$K$4:$K$17<=C9)*(便一覧!$L$4:$L$17>C9)) | C9: 450
A10: 08:00 | B10: =SUMPRODUCT((便一覧!$K$4:$K$17<=C10)*(便一覧!$L$4:$L$17>C10)) | C10: 480
A11: 08:30 | B11: =SUMPRODUCT((便一覧!$K$4:$K$17<=C11)*(便一覧!$L$4:$L$17>C11)) | C11: 510
A12: 09:00 | B12: =SUMPRODUCT((便一覧!$K$4:$K$17<=C12)*(便一覧!$L$4:$L$17>C12)) | C12: 540
A13: 09:30 | B13: =SUMPRODUCT((便一覧!$K$4:$K$17<=C13)*(便一覧!$L$4:$L$17>C13)) | C13: 570
A14: 10:00 | B14: =SUMPRODUCT((便一覧!$K$4:$K$17<=C14)*(便一覧!$L$4:$L$17>C14)) | C14: 600
A15: 10:30 | B15: =SUMPRODUCT((便一覧!$K$4:$K$17<=C15)*(便一覧!$L$4:$L$17>C15)) | C15: 630
A16: 11:00 | B16: =SUMPRODUCT((便一覧!$K$4:$K$17<=C16)*(便一覧!$L$4:$L$17>C16)) | C16: 660
... A33: 19:30 | B33: =SUMPRODUCT((便一覧!$K$4:$K$17<=C33)*(便一覧!$L$4:$L$17>C33)) | C33: 1170
A35: 延べ稼働（合計） | B35: =SUM(B5:B33)
A36: ピーク同時稼働 | B36: =MAX(B5:B33)
A37: ピーク時刻 | B37: =INDEX(A5:A33,MATCH(MAX(B5:B33),B5:B33,0))
