Workbook

Sheet KPIダッシュボード
B1: 📊 短時間勤務者 採用KPIダッシュボード
B2: =TEXT(MAX(日次レポート!$A$4:$A$200),"yyyy/mm/dd")&" 時点 ｜ 成田(NRT)・千歳(CTS) パート採用進捗 ｜ 数値は応募者データより自動集計"
B4: ① 採用ファネル：目標 vs 実績（累計）
B5: 指標 | C5: 目標 | D5: 実績(累計) | E5: 達成率 | F5: 前日 | G5: 前日比
B6: 応募数 | C6: 50 | D6: =COUNTA(応募者データ!$E$3:$E$502) | E6: =IFERROR(D6/C6,"") | F6: =IFERROR(LOOKUP(1E+100,日次レポート!B$4:B$200),0) | G6: =D6-F6
B7: 書類通過 | C7: 25 | D7: =COUNTIF(応募者データ!$I$3:$I$502,"通過") | E7: =IFERROR(D7/C7,"") | F7: =IFERROR(LOOKUP(1E+100,日次レポート!C$4:C$200),0) | G7: =D7-F7
B8: 面接設定 | C8: 15 | D8: =COUNTIF(応募者データ!$K$3:$K$502,"面接調整中")+COUNTIF(応募者データ!$K$3:$K$502,"面接日確定")+COUNTIF(応募者データ!$K$3:$K$502,"面接実施済み") | E8: =IFERROR(D8/C8,"") | F8: =IFERROR(LOOKUP(1E+100,日次レポート!D$4:D$200),0) | G8: =D8-F8
B9: 面接実施 | C9: 12 | D9: =COUNTIF(応募者データ!$K$3:$K$502,"面接実施済み") | E9: =IFERROR(D9/C9,"") | F9: =IFERROR(LOOKUP(1E+100,日次レポート!E$4:E$200),0) | G9: =D9-F9
B10: 内定 | C10: 8 | D10: =COUNTIF(応募者データ!$M$3:$M$502,"採用")+COUNTIF(応募者データ!$M$3:$M$502,"入社予定")+COUNTIF(応募者データ!$M$3:$M$502,"採用辞退")+COUNTIF(応募者データ!$M$3:$M$502,"入社辞退") | E10: =IFERROR(D10/C10,"") | F10: =IFERROR(LOOKUP(1E+100,日次レポート!F$4:F$200),0) | G10: =D10-F10
B11: 承諾 | C11: 6 | D11: =COUNTIF(応募者データ!$M$3:$M$502,"採用")+COUNTIF(応募者データ!$M$3:$M$502,"入社予定") | E11: =IFERROR(D11/C11,"") | F11: =IFERROR(LOOKUP(1E+100,日次レポート!G$4:G$200),0) | G11: =D11-F11
B13: ② 転換率（歩留まり）
B14: 指標 | C14: 値 | D14: 計算式・定義
B15: 書類通過率 | C15: =IFERROR(D7/D6,"") | D15: 書類通過 ÷ 応募数
B16: 面接設定率 | C16: =IFERROR(D8/D7,"") | D16: 面接設定 ÷ 書類通過
B17: 面接実施率 | C17: =IFERROR(D9/D8,"") | D17: 面接実施 ÷ 面接設定
B18: 内定率 | C18: =IFERROR(D10/D9,"") | D18: 内定 ÷ 面接実施
B19: 承諾率 | C19: =IFERROR(D11/D10,"") | D19: 承諾 ÷ 内定
B20: ③ 媒体別 実績
B21: 媒体 | C21: 応募数 | D21: 書類通過 | E21: 面接設定 | F21: 面接実施 | G21: 内定 | H21: 承諾
B22: バイトル | C22: =COUNTIF(応募者データ!$B$3:$B$502,"バイトル") | D22: =COUNTIFS(応募者データ!$B$3:$B$502,"バイトル",応募者データ!$I$3:$I$502,"通過") | E22: =COUNTIFS(応募者データ!$B$3:$B$502,"バイトル",応募者データ!$K$3:$K$502,"面接調整中")+COUNTIFS(応募者データ!$B$3:$B$502,"バイトル",応募者データ!$K$3:$K$502,"面接日確定")+COUNTIFS(応募者データ!$B$3:$B$502,"バイトル",応募者データ!$K$3:$K$502,"面接実施済み") | F22: =COUNTIFS(応募者データ!$B$3:$B$502,"バイトル",応募者データ!$K$3:$K$502,"面接実施済み") | G22: =COUNTIFS(応募者データ!$B$3:$B$502,"バイトル",応募者データ!$M$3:$M$502,"採用")+COUNTIFS(応募者データ!$B$3:$B$502,"バイトル",応募者データ!$M$3:$M$502,"入社予定")+COUNTIFS(応募者データ!$B$3:$B$502,"バイトル",応募者データ!$M$3:$M$502,"採用辞退")+COUNTIFS(応募者データ!$B$3:$B$502,"バイトル",応募者データ!$M$3:$M$502,"入社辞退") | H22: =COUNTIFS(応募者データ!$B$3:$B$502,"バイトル",応募者データ!$M$3:$M$502,"採用")+COUNTIFS(応募者データ!$B$3:$B$502,"バイトル",応募者データ!$M$3:$M$502,"入社予定")
B23: マイナビバイト | C23: =COUNTIF(応募者データ!$B$3:$B$502,"マイナビバイト") | D23: =COUNTIFS(応募者データ!$B$3:$B$502,"マイナビバイト",応募者データ!$I$3:$I$502,"通過") | E23: =COUNTIFS(応募者データ!$B$3:$B$502,"マイナビバイト",応募者データ!$K$3:$K$502,"面接調整中")+COUNTIFS(応募者データ!$B$3:$B$502,"マイナビバイト",応募者データ!$K$3:$K$502,"面接日確定")+COUNTIFS(応募者データ!$B$3:$B$502,"マイナビバイト",応募者データ!$K$3:$K$502,"面接実施済み") | F23: =COUNTIFS(応募者データ!$B$3:$B$502,"マイナビバイト",応募者データ!$K$3:$K$502,"面接実施済み") | G23: =COUNTIFS(応募者データ!$B$3:$B$502,"マイナビバイト",応募者データ!$M$3:$M$502,"採用")+COUNTIFS(応募者データ!$B$3:$B$502,"マイナビバイト",応募者データ!$M$3:$M$502,"入社予定")+COUNTIFS(応募者データ!$B$3:$B$502,"マイナビバイト",応募者データ!$M$3:$M$502,"採用辞退")+COUNTIFS(応募者データ!$B$3:$B$502,"マイナビバイト",応募者データ!$M$3:$M$502,"入社辞退") | H23: =COUNTIFS(応募者データ!$B$3:$B$502,"マイナビバイト",応募者データ!$M$3:$M$502,"採用")+COUNTIFS(応募者データ!$B$3:$B$502,"マイナビバイト",応募者データ!$M$3:$M$502,"入社予定")
B24: ちゃんと | C24: =COUNTIF(応募者データ!$B$3:$B$502,"ちゃんと") | D24: =COUNTIFS(応募者データ!$B$3:$B$502,"ちゃんと",応募者データ!$I$3:$I$502,"通過") | E24: =COUNTIFS(応募者データ!$B$3:$B$502,"ちゃんと",応募者データ!$K$3:$K$502,"面接調整中")+COUNTIFS(応募者データ!$B$3:$B$502,"ちゃんと",応募者データ!$K$3:$K$502,"面接日確定")+COUNTIFS(応募者データ!$B$3:$B$502,"ちゃんと",応募者データ!$K$3:$K$502,"面接実施済み") | F24: =COUNTIFS(応募者データ!$B$3:$B$502,"ちゃんと",応募者データ!$K$3:$K$502,"面接実施済み") | G24: =COUNTIFS(応募者データ!$B$3:$B$502,"ちゃんと",応募者データ!$M$3:$M$502,"採用")+COUNTIFS(応募者データ!$B$3:$B$502,"ちゃんと",応募者データ!$M$3:$M$502,"入社予定")+COUNTIFS(応募者データ!$B$3:$B$502,"ちゃんと",応募者データ!$M$3:$M$502,"採用辞退")+COUNTIFS(応募者データ!$B$3:$B$502,"ちゃんと",応募者データ!$M$3:$M$502,"入社辞退") | H24: =COUNTIFS(応募者データ!$B$3:$B$502,"ちゃんと",応募者データ!$M$3:$M$502,"採用")+COUNTIFS(応募者データ!$B$3:$B$502,"ちゃんと",応募者データ!$M$3:$M$502,"入社予定")
B25: 社員紹介 | C25: =COUNTIF(応募者データ!$B$3:$B$502,"社員紹介") | D25: =COUNTIFS(応募者データ!$B$3:$B$502,"社員紹介",応募者データ!$I$3:$I$502,"通過") | E25: =COUNTIFS(応募者データ!$B$3:$B$502,"社員紹介",応募者データ!$K$3:$K$502,"面接調整中")+COUNTIFS(応募者データ!$B$3:$B$502,"社員紹介",応募者データ!$K$3:$K$502,"面接日確定")+COUNTIFS(応募者データ!$B$3:$B$502,"社員紹介",応募者データ!$K$3:$K$502,"面接実施済み") | F25: =COUNTIFS(応募者データ!$B$3:$B$502,"社員紹介",応募者データ!$K$3:$K$502,"面接実施済み") | G25: =COUNTIFS(応募者データ!$B$3:$B$502,"社員紹介",応募者データ!$M$3:$M$502,"採用")+COUNTIFS(応募者データ!$B$3:$B$502,"社員紹介",応募者データ!$M$3:$M$502,"入社予定")+COUNTIFS(応募者データ!$B$3:$B$502,"社員紹介",応募者データ!$M$3:$M$502,"採用辞退")+COUNTIFS(応募者データ!$B$3:$B$502,"社員紹介",応募者データ!$M$3:$M$502,"入社辞退") | H25: =COUNTIFS(応募者データ!$B$3:$B$502,"社員紹介",応募者データ!$M$3:$M$502,"採用")+COUNTIFS(応募者データ!$B$3:$B$502,"社員紹介",応募者データ!$M$3:$M$502,"入社予定")
B26: HP | C26: =COUNTIF(応募者データ!$B$3:$B$502,"HP") | D26: =COUNTIFS(応募者データ!$B$3:$B$502,"HP",応募者データ!$I$3:$I$502,"通過") | E26: =COUNTIFS(応募者データ!$B$3:$B$502,"HP",応募者データ!$K$3:$K$502,"面接調整中")+COUNTIFS(応募者データ!$B$3:$B$502,"HP",応募者データ!$K$3:$K$502,"面接日確定")+COUNTIFS(応募者データ!$B$3:$B$502,"HP",応募者データ!$K$3:$K$502,"面接実施済み") | F26: =COUNTIFS(応募者データ!$B$3:$B$502,"HP",応募者データ!$K$3:$K$502,"面接実施済み") | G26: =COUNTIFS(応募者データ!$B$3:$B$502,"HP",応募者データ!$M$3:$M$502,"採用")+COUNTIFS(応募者データ!$B$3:$B$502,"HP",応募者データ!$M$3:$M$502,"入社予定")+COUNTIFS(応募者データ!$B$3:$B$502,"HP",応募者データ!$M$3:$M$502,"採用辞退")+COUNTIFS(応募者データ!$B$3:$B$502,"HP",応募者データ!$M$3:$M$502,"入社辞退") | H26: =COUNTIFS(応募者データ!$B$3:$B$502,"HP",応募者データ!$M$3:$M$502,"採用")+COUNTIFS(応募者データ!$B$3:$B$502,"HP",応募者データ!$M$3:$M$502,"入社予定")
B27: その他 | C27: =COUNTIF(応募者データ!$B$3:$B$502,"その他") | D27: =COUNTIFS(応募者データ!$B$3:$B$502,"その他",応募者データ!$I$3:$I$502,"通過") | E27: =COUNTIFS(応募者データ!$B$3:$B$502,"その他",応募者データ!$K$3:$K$502,"面接調整中")+COUNTIFS(応募者データ!$B$3:$B$502,"その他",応募者データ!$K$3:$K$502,"面接日確定")+COUNTIFS(応募者データ!$B$3:$B$502,"その他",応募者データ!$K$3:$K$502,"面接実施済み") | F27: =COUNTIFS(応募者データ!$B$3:$B$502,"その他",応募者データ!$K$3:$K$502,"面接実施済み") | G27: =COUNTIFS(応募者データ!$B$3:$B$502,"その他",応募者データ!$M$3:$M$502,"採用")+COUNTIFS(応募者データ!$B$3:$B$502,"その他",応募者データ!$M$3:$M$502,"入社予定")+COUNTIFS(応募者データ!$B$3:$B$502,"その他",応募者データ!$M$3:$M$502,"採用辞退")+COUNTIFS(応募者データ!$B$3:$B$502,"その他",応募者データ!$M$3:$M$502,"入社辞退") | H27: =COUNTIFS(応募者データ!$B$3:$B$502,"その他",応募者データ!$M$3:$M$502,"採用")+COUNTIFS(応募者データ!$B$3:$B$502,"その他",応募者データ!$M$3:$M$502,"入社予定")
B28: 合計 | C28: =SUM(C22:C27) | D28: =SUM(D22:D27) | E28: =SUM(E22:E27) | F28: =SUM(F22:F27) | G28: =SUM(G22:G27) | H28: =SUM(H22:H27)
B30: ④ 基地別 実績（NRT=成田 / CTS=千歳）
B31: 基地 | C31: 応募数 | D31: 書類通過 | E31: 面接設定 | F31: 面接実施 | G31: 内定 | H31: 承諾
B32: NRT（成田） | C32: =COUNTIF(応募者データ!$C$3:$C$502,"NRT") | D32: =COUNTIFS(応募者データ!$C$3:$C$502,"NRT",応募者データ!$I$3:$I$502,"通過") | E32: =COUNTIFS(応募者データ!$C$3:$C$502,"NRT",応募者データ!$K$3:$K$502,"面接調整中")+COUNTIFS(応募者データ!$C$3:$C$502,"NRT",応募者データ!$K$3:$K$502,"面接日確定")+COUNTIFS(応募者データ!$C$3:$C$502,"NRT",応募者データ!$K$3:$K$502,"面接実施済み") | F32: =COUNTIFS(応募者データ!$C$3:$C$502,"NRT",応募者データ!$K$3:$K$502,"面接実施済み") | G32: =COUNTIFS(応募者データ!$C$3:$C$502,"NRT",応募者データ!$M$3:$M$502,"採用")+COUNTIFS(応募者データ!$C$3:$C$502,"NRT",応募者データ!$M$3:$M$502,"入社予定")+COUNTIFS(応募者データ!$C$3:$C$502,"NRT",応募者データ!$M$3:$M$502,"採用辞退")+COUNTIFS(応募者データ!$C$3:$C$502,"NRT",応募者データ!$M$3:$M$502,"入社辞退") | H32: =COUNTIFS(応募者データ!$C$3:$C$502,"NRT",応募者データ!$M$3:$M$502,"採用")+COUNTIFS(応募者データ!$C$3:$C$502,"NRT",応募者データ!$M$3:$M$502,"入社予定")
B33: CTS（千歳） | C33: =COUNTIF(応募者データ!$C$3:$C$502,"CTS") | D33: =COUNTIFS(応募者データ!$C$3:$C$502,"CTS",応募者データ!$I$3:$I$502,"通過") | E33: =COUNTIFS(応募者データ!$C$3:$C$502,"CTS",応募者データ!$K$3:$K$502,"面接調整中")+COUNTIFS(応募者データ!$C$3:$C$502,"CTS",応募者データ!$K$3:$K$502,"面接日確定")+COUNTIFS(応募者データ!$C$3:$C$502,"CTS",応募者データ!$K$3:$K$502,"面接実施済み") | F33: =COUNTIFS(応募者データ!$C$3:$C$502,"CTS",応募者データ!$K$3:$K$502,"面接実施済み") | G33: =COUNTIFS(応募者データ!$C$3:$C$502,"CTS",応募者データ!$M$3:$M$502,"採用")+COUNTIFS(応募者データ!$C$3:$C$502,"CTS",応募者データ!$M$3:$M$502,"入社予定")+COUNTIFS(応募者データ!$C$3:$C$502,"CTS",応募者データ!$M$3:$M$502,"採用辞退")+COUNTIFS(応募者データ!$C$3:$C$502,"CTS",応募者データ!$M$3:$M$502,"入社辞退") | H33: =COUNTIFS(応募者データ!$C$3:$C$502,"CTS",応募者データ!$M$3:$M$502,"採用")+COUNTIFS(応募者データ!$C$3:$C$502,"CTS",応募者データ!$M$3:$M$502,"入社予定")
B35: ◆ 凡例・定義
B36: ・黄色セル＝入力（目標値）。運用開始時に目標を設定してください（現在は仮値）。
B37: ・実績は［応募者データ］シートから自動集計。担当者は毎日そこを更新するだけです。
B38: ・前日／前日比は［日次レポート］の最終記録行との差分。毎日EODに1行追記してください。
B39: ・面接設定＝面接ステータスが「面接調整中／面接日確定／面接実施済み」。面接実施＝「面接実施済み」。
B40: ・内定＝採用が「採用／入社予定／採用辞退／入社辞退」。承諾＝「採用／入社予定」。

Sheet マスタ
A1: マスタ（プルダウン用リスト）
A2: 媒体 | B2: 基地 | C2: 性別 | D2: 国籍 | E2: 書類選考 | F2: 書類NG理由 | G2: 面接 | H2: 面接NG理由 | I2: 採用
A3: バイトル | B3: NRT | C3: 男 | D3: 日本 | E3: 未対応 | F3: 年齢 | G3: 未設定 | H3: 勤務条件不一致 | I3: 選考中
A4: マイナビバイト | B4: CTS | C4: 女 | D4: 外国籍 | E4: 確認中 | F4: 通勤距離 | G4: 面接調整中 | H4: シフト条件不一致 | I4: 採用
A5: ちゃんと | E5: 通過 | F5: 国籍 | G5: 面接日確定 | H5: 経験不足 | I5: 不採用
A6: 社員紹介 | E6: 保留 | F6: 日本語力 | G6: 面接実施済み | H6: 接客適性 | I6: 採用辞退
A7: HP | E7: 不通過 | F7: 英語力 | H7: コミュニケーション | I7: 入社予定
A8: その他 | E8: 辞退 | F8: 勤務時間不一致 | H8: 日本語力 | I8: 入社辞退
E9: 連絡不通 | F9: その他 | H9: 英語力 | I9: 保留
H10: 航空保安上の要件
H11: 通勤困難
H12: 給与条件不一致
H13: 入社可能時期が合わない
H14: 他社内定
H15: 本人辞退
H16: 総合判断
H17: その他

Sheet 応募者データ
A1: 応募者データ（明細） ― 毎日ここを更新してください。ダッシュボードは自動集計されます ―
A2: No. | B2: 媒体 | C2: 基地 | D2: 応募日 | E2: 氏名 | F2: 年齢 | G2: 性別 | H2: 国籍 | I2: 書類選考 | J2: 書類NG理由 | K2: 面接 | L2: 面接NG理由 | M2: 採用 | N2: 備考
A3: 1 | B3: バイトル | C3: NRT | D3: 46227 | E3: 日高 秀光 | F3: 73 | G3: 男 | H3: 日本 | I3: 不通過 | J3: 年齢 | K3: 未設定 | M3: 不採用
A4: 2 | B4: バイトル | C4: NRT | D4: 46230 | E4: 浅利 真弓 | F4: 63 | G4: 女 | H4: 日本 | I4: 不通過 | J4: 年齢 | K4: 未設定 | M4: 不採用
A5: 3 | B5: バイトル | C5: NRT | D5: 46231 | E5: 浅木 洋二 | F5: 76 | G5: 男 | H5: 日本 | I5: 不通過 | J5: 年齢 | K5: 未設定 | M5: 不採用
A6: 4 | B6: バイトル | C6: NRT | D6: 46231 | E6: 佐伯 幸男 | F6: 55 | G6: 男 | H6: 日本 | I6: 不通過 | J6: 年齢 | K6: 未設定 | M6: 不採用
A7: 5 | B7: バイトル | C7: NRT | D7: 46232 | E7: 町田 侑里夏 | F7: 21 | G7: 女 | H7: 日本 | I7: 通過 | K7: 面接調整中 | M7: 選考中
A8: 6 | B8: バイトル | C8: NRT | D8: 46233 | E8: 三木 祐樹 | F8: 38 | G8: 男 | H8: 日本 | I8: 不通過 | J8: 年齢 | K8: 未設定 | M8: 不採用
A9: 7 | B9: バイトル | C9: NRT | D9: 46233 | E9: 金澤 拓也 | F9: 19 | G9: 男 | H9: 日本 | I9: 通過 | K9: 面接調整中 | M9: 選考中
A10: 8 | B10: バイトル | C10: NRT | D10: 46233 | E10: NGUYEN NGOC DINH | F10: 25 | G10: 男 | H10: 外国籍 | I10: 不通過 | J10: 日本語力 | K10: 未設定 | M10: 不採用 | N10: N3
A11: 9 | B11: バイトル | C11: NRT | D11: 46236 | E11: Hashini Navodya | F11: 21 | G11: 女 | H11: 外国籍 | I11: 確認中 | K11: 未設定 | M11: 選考中
A12: 10 | B12: バイトル | C12: NRT | D12: 46236 | E12: JARGALBAYAR ENKHBAYAN | F12: 21 | G12: 男 | H12: 外国籍 | I12: 確認中 | K12: 未設定 | M12: 選考中
A13: 11 | B13: バイトル | C13: NRT | D13: 46237 | E13: 坂本 隼斗 | F13: 24 | G13: 男 | H13: 日本 | I13: 確認中 | K13: 未設定 | M13: 選考中
A14: 12 | B14: バイトル | C14: CTS | D14: 46236 | E14: Hashini Navodya | F14: 21 | G14: 女 | H14: 外国籍 | I14: 確認中 | K14: 未設定 | M14: 選考中
A15: 13 | B15: マイナビバイト | C15: CTS | D15: 46233 | E15: 竹内 愛 | F15: 33 | G15: 女 | H15: 日本 | I15: 確認中 | K15: 未設定 | M15: 選考中
A16: 14 | B16: マイナビバイト | C16: CTS | D16: 46233 | E16: 高砂 琴音 | F16: 18 | G16: 女 | H16: 日本 | I16: 確認中 | K16: 未設定 | M16: 選考中 | N16: 高校生だが外航のGATE経験者の可能性あり

Sheet 日次レポート
A1: 日次レポート（毎日 EOD に担当者が1行追記）
A2: 使い方：応募者データを更新後、当日の累計値を下表に1行追記します（右の「現在の累計値」を転記でOK）。ダッシュボードの前日比・推移グラフに自動反映されます。灰色の行はサンプルです。実データ入力時に削除してください。
A3: 日付 | B3: 応募数 | C3: 書類通過 | D3: 面接設定 | E3: 面接実施 | F3: 内定 | G3: 承諾 | H3: 担当者 | I3: 備考 | K3: 現在の累計値（自動）
A4: 46234 | B4: 12 | C4: 1 | D4: 1 | E4: 0 | F4: 0 | G4: 0 | H4: （サンプル） | I4: ← サンプル：削除して実データを入力 | K4: 応募数 | L4: =COUNTA(応募者データ!$E$3:$E$502)
A5: 46235 | B5: 13 | C5: 2 | D5: 2 | E5: 0 | F5: 0 | G5: 0 | H5: （サンプル） | K5: 書類通過 | L5: =COUNTIF(応募者データ!$I$3:$I$502,"通過")
A6: 46236 | B6: 14 | C6: 2 | D6: 2 | E6: 0 | F6: 0 | G6: 0 | H6: （サンプル） | K6: 面接設定 | L6: =COUNTIF(応募者データ!$K$3:$K$502,"面接調整中")+COUNTIF(応募者データ!$K$3:$K$502,"面接日確定")+COUNTIF(応募者データ!$K$3:$K$502,"面接実施済み")
K7: 面接実施 | L7: =COUNTIF(応募者データ!$K$3:$K$502,"面接実施済み")
K8: 内定 | L8: =COUNTIF(応募者データ!$M$3:$M$502,"採用")+COUNTIF(応募者データ!$M$3:$M$502,"入社予定")+COUNTIF(応募者データ!$M$3:$M$502,"採用辞退")+COUNTIF(応募者データ!$M$3:$M$502,"入社辞退")
K9: 承諾 | L9: =COUNTIF(応募者データ!$M$3:$M$502,"採用")+COUNTIF(応募者データ!$M$3:$M$502,"入社予定")
