Workbook

Sheet サマリー
B2: HND MMチーム 人員体制の現状と採用課題
B3: 対象期間：2025年9月〜2026年8月（12ヶ月実績） ／ 採用媒体の活用に関する稟議 添付資料 1/3
B6: 年間退職者数 | E6: 年間離職率 | H6: 月平均退職者数
B7: ='月次推移'!N16+'月次推移'!N17 -> 19 | E7: =('月次推移'!N16+'月次推移'!N17)/AVERAGE('月次推移'!B8:M8) -> 0.76767677 | H7: =('月次推移'!N16+'月次推移'!N17)/12 -> 1.5833333
B8: 正社員17名・派遣2名 | E8: 年間退職者数 ÷ 平均月初稼働数 | H8: 12ヶ月中11ヶ月で退職が発生
B10: 年間採用者数 | E10: 年間の純増減 | H10: 期末の過不足
B11: ='月次推移'!N11+'月次推移'!N12 -> 23 | E11: ='月次推移'!N14-'月次推移'!N20 -> 0 | H11: ='月次推移'!M23 -> -5
B12: 正社員21名・派遣2名 | E12: 採用23名 − 離脱23名 | H12: 2026年8月末 必要数25名に対して
B14: 現状の課題
B15: 1. 退職が恒常的に発生し、年間離職率は76.8%に達する
B16: 12ヶ月で19名（正社員17名・派遣2名）が退職。月平均1.6名のペースで欠員が発生し続けている。
B17: 2. 年間23名を採用しても、同数の23名が離脱し純増はゼロ
B18: 入（採用・異動）23名に対し、出（退職19名＋長期欠勤等による離脱4名）23名。採用は欠員補充に費やされ、体制の積み増しに至っていない。
B19: 3. 必要数の増加（20名→25名）に体制が追いつかず、期末時点で▲5名の欠員
B20: 必要数が20名から25名へ引き上げられた一方、稼働数は期首・期末とも20名で横ばい。2026年7月以降は必要数を下回り、8月末は稼働率80%（20名／25名）の状態にある。
B21: 4. 現行の採用手法では、退職ペースを上回る採用が実現できていない
B22: 欠員解消（5名）に加え、今後も想定される年間19名規模の退職補充が必要。採用母集団の拡大が不可欠である。
B24: 参考試算：今後1年間に必要となる採用数
B25: ① 現時点の欠員（2026年8月末） | E25: =-'月次推移'!M23 -> 5 | F25: 必要数25名 − 稼働数20名
B26: ② 今後1年間の想定退職者数 | E26: ='月次推移'!N16+'月次推移'!N17 -> 19 | F26: 直近12ヶ月の実績と同水準で推移すると仮定
B27: ③ 必要採用数（① ＋ ②） | E27: =E25+E26 -> 24 | F27: 欠員解消および退職補充に要する年間採用数
B28: ※ 上記②は直近12ヶ月の退職実績（19名）を前提とした試算値であり、実績値ではない。
B30: 出典：HND MMチーム 人員推移管理表（2025年9月〜2026年8月実績） ／ 明細は「月次推移」シート参照

Sheet 月次推移
A1: HND MMチーム 人員推移（2025年9月〜2026年8月）
A2: 採用媒体の活用に関する稟議 添付資料 2/3 （月次明細） ／ 単位：名
A4: 項 目 | B4: 2025年 | G4: 2026年 | N4: 年間計
B5: 9月 | C5: 10月 | D5: 11月 | E5: 12月 | F5: 1月 | G5: 2月 | H5: 3月 | I5: 4月 | J5: 5月 | K5: 6月 | L5: 7月 | M5: 8月
A6: 体 制
A7: 必要数 (a) | B7: 20 | C7: 25 | D7: 25 | E7: 25 | F7: 25 | G7: 25 | H7: 25 | I7: 25 | J7: 25 | K7: 25 | L7: 25 | M7: 25 | N7: −
A8: 月初稼働数 (b) | B8: 20 | C8: =B22 -> 19 | D8: =C22 -> 22 | E8: =D22 -> 27 | F8: =E22 -> 29 | G8: =F22 -> 27 | H8: =G22 -> 27 | I8: =H22 -> 26 | J8: =I22 -> 26 | ... M8: =L22 -> 23 | N8: −
A9: 差異 (b − a) | B9: =B8-B7 -> 0 | C9: =C8-C7 -> -6 | D9: =D8-D7 -> -3 | E9: =E8-E7 -> 2 | F9: =F8-F7 -> 4 | G9: =G8-G7 -> 2 | H9: =H8-H7 -> 2 | I9: =I8-I7 -> 1 | ... M9: =M8-M7 -> -2 | N9: −
A10: 入（増員）
A11: 採用数（正社員） | B11: 0 | C11: 4 | D11: 6 | E11: 4 | F11: 1 | G11: 3 | H11: 0 | I11: 3 | J11: 0 | K11: 0 | L11: 0 | M11: 0 | N11: =SUM(B11:M11) -> 21
A12: 採用数（派遣） | B12: 1 | C12: 0 | D12: 1 | E12: 0 | F12: 0 | G12: 0 | H12: 0 | I12: 0 | J12: 0 | K12: 0 | L12: 0 | M12: 0 | N12: =SUM(B12:M12) -> 2
A13: 異動（入） | B13: 0 | C13: 0 | D13: 0 | E13: 0 | F13: 0 | G13: 0 | H13: 0 | I13: 0 | J13: 0 | K13: 0 | L13: 0 | M13: 0 | N13: =SUM(B13:M13) -> 0
A14: 入 合計 | B14: =SUM(B11:B13) -> 1 | C14: =SUM(C11:C13) -> 4 | D14: =SUM(D11:D13) -> 7 | E14: =SUM(E11:E13) -> 4 | F14: =SUM(F11:F13) -> 1 | G14: =SUM(G11:G13) -> 3 | H14: =SUM(H11:H13) -> 0 | I14: =SUM(I11:I13) -> 3 | ... M14: =SUM(M11:M13) -> 0 | N14: =SUM(B14:M14) -> 23
A15: 出（減員）
A16: 退職数（正社員） | B16: 2 | C16: 1 | D16: 1 | E16: 1 | F16: 3 | G16: 3 | H16: 1 | I16: 1 | J16: 0 | K16: 1 | L16: 2 | M16: 1 | N16: =SUM(B16:M16) -> 17
A17: 退職数（派遣） | B17: 0 | C17: 0 | D17: 1 | E17: 1 | F17: 0 | G17: 0 | H17: 0 | I17: 0 | J17: 0 | K17: 0 | L17: 0 | M17: 0 | N17: =SUM(B17:M17) -> 2
A18: 長期欠勤等による離脱者数 | B18: 0 | C18: 0 | D18: 0 | E18: 0 | F18: 0 | G18: 0 | H18: 0 | I18: 2 | J18: 0 | K18: 0 | L18: 0 | M18: 2 | N18: =SUM(B18:M18) -> 4
A19: 異動（出） | B19: 0 | C19: 0 | D19: 0 | E19: 0 | F19: 0 | G19: 0 | H19: 0 | I19: 0 | J19: 0 | K19: 0 | L19: 0 | M19: 0 | N19: =SUM(B19:M19) -> 0
A20: 出 合計 | B20: =SUM(B16:B19) -> 2 | C20: =SUM(C16:C19) -> 1 | D20: =SUM(D16:D19) -> 2 | E20: =SUM(E16:E19) -> 2 | F20: =SUM(F16:F19) -> 3 | G20: =SUM(G16:G19) -> 3 | H20: =SUM(H16:H19) -> 1 | I20: =SUM(I16:I19) -> 3 | ... M20: =SUM(M16:M19) -> 3 | N20: =SUM(B20:M20) -> 23
A21: 結 果
A22: 月末稼働数 (c) | B22: =B8+B14-B20 -> 19 | C22: =C8+C14-C20 -> 22 | D22: =D8+D14-D20 -> 27 | E22: =E8+E14-E20 -> 29 | F22: =F8+F14-F20 -> 27 | G22: =G8+G14-G20 -> 27 | H22: =H8+H14-H20 -> 26 | I22: =I8+I14-I20 -> 26 | ... M22: =M8+M14-M20 -> 20 | N22: −
A23: 過不足 (c − a) | B23: =B22-B7 -> -1 | C23: =C22-C7 -> -3 | D23: =D22-D7 -> 2 | E23: =E22-E7 -> 4 | F23: =F22-F7 -> 2 | G23: =G22-G7 -> 2 | H23: =H22-H7 -> 1 | I23: =I22-I7 -> 1 | ... M23: =M22-M7 -> -5 | N23: −
A25: 【注記】
A26: 1. 数値の単位は「名」。青字セルは実績入力値、黒字セルは計算式による自動算出。マイナスは「▲」で表示。
A27: 2. 「月初稼働数(b)」は前月の「月末稼働数(c)」を引き継ぐ（2025年9月のみ実績入力）。
A28: 3. 「月末稼働数(c)」＝ 月初稼働数(b) ＋ 入 合計 − 出 合計。
A29: 4. 「長期欠勤等による離脱者数」は在籍のままラインに入れない人数を指し、退職数には含まない。
A30: 5. 出典：HND MMチーム 人員推移管理表（2025年9月〜2026年8月実績）。

Sheet グラフ
B2: HND MMチーム 人員推移グラフ
B3: 対象期間：2025年9月〜2026年8月 ／ 採用媒体の活用に関する稟議 添付資料 3/3
